<application>
  <component name="NodeJsLocalInterpreters">
    <local-interpreter path="D:/Program Files/nodejs/node.exe" />
  </component>
  <component name="PropertiesComponent">
    <property name="ColorChooser.RecentColors" value="204-238-200-255" />
    <property name="CommitChangeListDialog.DETAILS_SPLITTER_PROPORTION_2" value="0.72134036" />
    <property name="CommittedChanges.SplitterProportions.0" value="700" />
    <property name="CommittedChanges.SplitterProportions.1" value="500" />
    <property name="Copy.OpenInEditor" value="true" />
    <property name="ExpandBeforeRunStepsPanel" value="true" />
    <property name="ExpandRunDashboardTypesPanel" value="false" />
    <property name="FileTemplates.CurrentTab" value="Includes" />
    <property name="FileTemplates.SelectedTemplate" value="ActionScript File Header" />
    <property name="FrameworksFinderRecursivePanel[0]" value="0.17050299" />
    <property name="InstalledPluginsSearchHistory" value="free&#10;fr&#10;lom&#10;ig&#10;.ignore" />
    <property name="JUnit.Splitter.Proportion" value="0.19109663" />
    <property name="JUnitSupport.hidePassedTests" value="false" />
    <property name="LiveContextsPanel[0]" value="0.19212297" />
    <property name="MavenModuleWizard.inheritGroupId" value="true" />
    <property name="MavenModuleWizard.inheritVersion" value="true" />
    <property name="MemberChooser.copyJavadoc" value="false" />
    <property name="MemberChooser.showClasses" value="true" />
    <property name="PluginConfigurable.selectionTab" value="1" />
    <property name="RunConfigurable.dividerProportion" value="0.17513132" />
    <property name="SettingsSearchHistory" value="encoding&#10;maven&#10;javascript&#10;java c&#10;font" />
    <property name="SpringBeansModulesPanel[0]" value="0.15455951" />
    <property name="SpringMvcModulesPanel[0]" value="0.15455951" />
    <property name="SpringRepositoriesModulesPanel[0]" value="0.15455951" />
    <property name="TrendingPluginsSearchHistory" value="JBL&#10;JBLspringbootBean&#10;free-mybatis-plugin&#10;.ignore&#10;lom" />
    <property name="build.toolwindow.Sync.selection.state" value="com.intellij.build.BuildTreeConsoleView" />
    <property name="cn.yiiguxing.plugin.translate.version" value="2.2" />
    <property name="com.intellij.history.integration.ui.views.DirectoryHistoryDialog.0" value="300" />
    <property name="com.intellij.history.integration.ui.views.FileHistoryDialog.0" value="300" />
    <property name="com.intellij.history.integration.ui.views.FileHistoryDialog.1" value="800" />
    <property name="com.intellij.openapi.roots.ui.configuration.TabbedModuleEditor.selectedEditor" value="Sources" />
    <property name="com.intellij.remoteServer.impl.runtime.ui.ServersToolWindowContent:com.intellij.remoteServer.impl.runtime.ui.DefaultRemoteServersViewContribution.0" value="300" />
    <property name="create.project.preferred.importer" value="Existing Sources" />
    <property name="decompiler.legal.notice.accepted" value="true" />
    <property name="defaultJdkConfigured" value="true" />
    <property name="dir.diff.panel.divider.location" value="82" />
    <property name="evlsprt3.183" value="16" />
    <property name="file.chooser.recent.files" value="D:/project_aurora/pushservice/push_parent/pom.xml&#10;D:/project1/日常实践项目/open-cloud-master/pom.xml&#10;D:/project1/日常实践项目/Spring-Boot-Security-JWT-SPA-master/pom.xml&#10;D:/project1/日常实践项目/SpringBoot-Angular7-Online-Shopping-Store-master/backend/pom.xml&#10;D:/project1/日常实践项目/SpringBoot_SpringSecurity_JWT_RBAC-master/pom.xml&#10;D:/project1/日常实践项目/springboot-jwt-demo-master/pom.xml&#10;D:/project1/日常实践项目/EasyCaptcha-master/pom.xml&#10;D:/project1/tuisong/spring-boot-rabbitMQ-master/spring_boot_rabbitMQ/pom.xml&#10;D:/project1/tuisong/push-server-master/build.gradle&#10;D:/project1/tuisong/Push-master/build.gradle&#10;D:/project1/tuisong/OnePush-master/build.gradle&#10;D:/project1/tuisong/mpush-master/pom.xml&#10;D:/project1/tuisong/MixPush-master/build.gradle&#10;D:/project1/tuisong/react-native-mixpush-master/build.gradle&#10;D:/project1/httpclientutil-master/pom.xml&#10;D:/project1/pinyougou/pinyougou/pom.xml&#10;D:/project1/mybatis_generate/pom.xml&#10;D:/jeecg/jeecg-boot-master/jeecg-boot/pom.xml&#10;D:/jeecg&#10;D:/project1/springboot_security/pom.xml&#10;D:/project1/export_parent/pom.xml&#10;D:/project1/electric/electric_parent/pom.xml&#10;D:/project_aurora/pushservice&#10;D:/workspace_ketanglianxi&#10;C:/Users/Administrator/Desktop/整理-日常开发/项目2-pyg/day21品优购-项目实战/实战-第二组功能比较完美/szhan/pinyougou/pinyougou/pinyougou/pom.xml&#10;D:/workspace_ketanglianxi/pinyougou/pinyougou/pom.xml&#10;D:/workspace_ketanglianxi/saas/export_parent/pom.xml&#10;D:/workspace_ketanglianxi/szhan/pinyougou&#10;D:/workspace_ketanglianxi/szhan&#10;D:/workspace_ketanglianxi/szhan/pinyougou/pinyougou/pom.xml" />
    <property name="file.gist.reindex.count" value="40758" />
    <property name="fileTypeChangedCounter" value="3" />
    <property name="idea.background.editor" value="E:\电脑背景图\3.jpg,13,scale,center,flipH" />
    <property name="installed.kotlin.plugin.version" value="1.3.11-release-IJ2018.3-1" />
    <property name="javaee.appServer.lastUsedIntegration" value="Tomcat Server" />
    <property name="javaee.appServer.lastUsedServer" value="Tomcat 8.5.5" />
    <property name="jdk.selected.JAVA_MODULE" value="8" />
    <property name="js.overrides.completion" value="true" />
    <property name="js.var.names.completion" value="false" />
    <property name="last.imported.location" value="D:/project_aurora/pushservice/push_parent/pom.xml" />
    <property name="lastTip" value="2" />
    <property name="mt.showStatisticsAgreement" value="true" />
    <property name="org.intellij.images.editor.actions.BackgroundImageDialog#recent" value="E:\img\壁纸\美丽雪山湖泊风景4k壁纸3840x2160_彼岸图网.jpg&#10;E:\电脑背景图\1.jpg&#10;E:\电脑背景图\2.png&#10;E:\电脑背景图\code-wallpaper-18.png&#10;E:\电脑背景图\4-1P914145055.jpg" />
    <property name="plugins.preselection.path" value="$APPLICATION_HOME_DIR$/plugins" />
    <property name="project.wizard.group" value="org.jetbrains.plugins.gradle.service.project.wizard.GradleModuleBuilder" />
    <property name="project.wizard.template" value="Empty Project" />
    <property name="selected.color.option.type" value="TEXT" />
    <property name="ts.lib.d.ts.version" value="3.2.1" />
  </component>
  <component name="SvnApplicationSettings">
    <option name="myCheckoutURLs">
      <list>
        <option value="https://harry:8443/svn/ssmRepostory/ssmProject/trunk" />
      </list>
    </option>
    <option name="myTypedURLs">
      <list>
        <option value="https://harry:8443/svn/ssmRepostory/ssmProject/trunk" />
      </list>
    </option>
    <option name="mySvnCommandLine" value="D:\soft_64\SVN\svnServer\bin\svn.exe" />
  </component>
</application>