<application>
  <component name="ParameterNameHintsSettings">
    <blacklists>
      <blacklist language="Java">
        <added pattern="org.apache.commons.beanutils.BeanUtils.setProperty(bean,name,value)" />
        <added pattern="org.jsoup.nodes.Element.select(cssQuery)" />
        <added pattern="cn.wanghaomiao.xpath.model.JXDocument.selN(xpath)" />
        <added pattern="org.springframework.jdbc.core.JdbcTemplate.queryForObject(sql,requiredType,args)" />
        <added pattern="org.jsoup.nodes.Element.getElementsByClass(className)" />
        <added pattern="cn.wanghaomiao.xpath.model.JXNode.sel(xpath)" />
        <added pattern="javax.servlet.ServletRequest.getRequestDispatcher(s)" />
        <added pattern="redis.clients.jedis.Jedis.hget(key,field)" />
        <added pattern="java.sql.DriverManager.getConnection(url,user,password)" />
        <added pattern="javax.servlet.ServletRequest.getParameter(name)" />
        <added pattern="java.util.ResourceBundle.getString(key)" />
        <added pattern="javax.servlet.http.HttpSession.getAttribute(name)" />
        <added pattern="redis.clients.jedis.Jedis.smembers(key)" />
        <added pattern="javax.servlet.ServletRequest.getParameter(s)" />
        <added pattern="javax.servlet.ServletRequest.getParameterValues(name)" />
        <added pattern="java.sql.CallableStatement.setString(parameterName,x)" />
        <added pattern="redis.clients.jedis.Jedis.hgetAll(key)" />
        <added pattern="org.springframework.jdbc.core.JdbcTemplate.queryForList(sql,args)" />
        <added pattern="org.jsoup.Jsoup.parse(in,charsetName)" />
        <added pattern="org.jsoup.nodes.Element.getElementsByAttribute(key)" />
        <added pattern="org.dom4j.io.SAXReader.read(url)" />
        <added pattern="org.dom4j.Element.elements(s)" />
      </blacklist>
    </blacklists>
  </component>
</application>