<application>
  <component name="UISettings">
    <option name="DISABLE_MNEMONICS" value="true" />
    <option name="FONT_FACE" value="Courier New" />
    <option name="FONT_SCALE" value="1.0" />
    <option name="FONT_SIZE" value="13" />
    <option name="MARK_MODIFIED_TABS_WITH_ASTERISK" value="true" />
    <option name="OVERRIDE_NONIDEA_LAF_FONTS" value="true" />
    <option name="PRESENTATION_MODE_FONT_SIZE" value="22" />
    <option name="SCROLL_TAB_LAYOUT_IN_EDITOR" value="false" />
    <option name="SHOW_MAIN_TOOLBAR" value="true" />
    <option name="SHOW_MEMORY_INDICATOR" value="true" />
    <option name="smoothScrolling" value="true" />
    <option name="USE_SMALL_LABELS_ON_TABS" value="true" />
  </component>
</application>