<application>
  <component name="AppStorage">
    <histories>
      <item value="indices" />
      <item value="detect" />
      <item value="shift" />
      <item value="你好" />
      <item value="风道" />
    </histories>
    <option name="languageScores">
      <map>
        <entry key="CHINESE" value="1" />
        <entry key="ENGLISH" value="1" />
      </map>
    </option>
  </component>
  <component name="Settings">
    <option name="ignoreRegExp" value="" />
  </component>
</application>